k_device,k_ts,k_model,调整值,反馈意见,简要分析,标签,工区建议
1302,2025/10/1 4:00,"NB--1302槽4点换极之后浓度变大,工区长认为应该拉NB。模型推荐缩NB -5",,"1302槽4点换极之后浓度变大,工区长认为应该拉NB。模型推荐缩NB -5","可能换极前后A3,A13阳极电流异常",换极,加
1305,2025/10/1 10:00,NB--1305槽12点电压异常但是浓度正常，模型推荐缩NB -10。,,1305槽12点电压异常但是浓度正常，模型推荐缩NB -10。,效应引起电压超高、特征失效,"电压超上限,效应",不动
1307,2025/10/1 10:00,NB--1307槽10点时换极，浓度大。工区长认为模型不应该缩nb。,,1307槽10点时换极，浓度大。工区长认为模型不应该缩nb。,换极后电压超上限,"电压超上限,换极",不动
1324,2025/10/1 15:00,NB--1324不应该缩NB该槽偏冷导致电压偏高,,1324不应该缩NB该槽偏冷导致电压偏高,11:30走反未识别,走反,不动
1305,2025/10/1 17:00,NB--1305走反，模型推荐缩NB,,1305走反，模型推荐缩NB,7:00效应和走反未识别,"走反,效应",不动
1319,2025/10/2 5:00,NB--1319槽换极后浓度大。模型推荐缩NB,,1319槽换极后浓度大。模型推荐缩NB,换极后电压偏高导致的错误,"电压超上限,换极",不动
1307,2025/10/2 6:00,NB--1307长时间浓度大，在6：50未及时拉开,,1307长时间浓度大，在6：50未及时拉开,证据正确但数值大小不到推出,"特征权重,实时性",加
1308,2025/10/2 6:00,NB--1308频繁缩nb，导致浓度越走越大,,1308频繁缩nb，导致浓度越走越大,换极期间局部效应未识别，浓度由低变高,"换极,效应",不动
1323,2025/10/2 13:00,NB--1323槽浓度一直偏大，模型没有及时拉开NB。,,,,,
1316,2025/10/2 13:00,NB--1316换极后浓度大，客户认为模型不应该缩nb,,1316换极后浓度大，客户认为模型不应该缩nb,最近一个周期突然由过量转大欠量,"换极,实时性",不动
1325,2025/10/2 11:00,NB--客户认为1325槽局部火眼。NB一缩再缩不合适。,,客户认为1325槽局部火眼。NB一缩再缩不合适。,电压曲线持续浓度高，但过欠比不稳定,实时性,不动
1334,2025/10/3 10:00,NB--物料有波动时，NB调整反应太慢,,物料有波动时，NB调整反应太慢,冷槽，走过量缩NB，但疑似走反未识别,"电压超上限,走反",加
1317,2025/10/3 9:00,NB--客户认为1317在9：00时浓度合适，不需要拉NB。但模型推荐拉NB。,,客户认为1317在9：00时浓度合适，不需要拉NB。但模型推荐拉NB。,,特征权重,不动
1330,2025/10/3 22:00,"NB--1330换极后摆浓度大，又缩nb,导致曲线平稳后浓度太大，未及时拉开",,"1330换极后摆浓度大，又缩nb,导致曲线平稳后浓度太大，未及时拉开",电压摆动后压差偏高导致的错误,电压超上限,加
1322,2025/10/3 4:00,NB--客户认为1322浓度走大，模型没有及时拉开NB,,客户认为1322浓度走大，模型没有及时拉开NB,早上7点的时候模型发现压差偏低走欠量，说明这时浓度已经大。但是模型没有拉NB。,特征权重,加
1316,2025/10/3 12:00,NB--1316槽在12点未识别出走反。模型推荐缩NB。,,1316槽在12点未识别出走反。模型推荐缩NB。,疑似未识别出走反,走反,加
1303,2025/10/3 12:00,NB--1303槽在12点时浓度偏大，模型推荐缩NB。,,1303槽在12点时浓度偏大，模型推荐缩NB。,1303槽 12点缩NB ，是数据20分钟的延迟，没有考虑到当下在走欠量。,数据延迟,加
1321,2025/10/3 14:00,NB--客户认为1321浓度一直偏大，在13：43时模型应该拉Nb。,,客户认为1321浓度一直偏大，在13：43时模型应该拉Nb。,10：00-14：00电压高位运行并且走大欠量，这应该是浓度大。模型推荐识别出拉NB，但处于换极期。,换极,加
1304,2025/10/3 14:00,NB--客户认为1304应该把NB拉开，从95拉到105。现在NB太低了。,,客户认为1304应该把NB拉开，从95拉到105。现在NB太低了。,,,加
1304,2025/10/3 16:00,NB--展工区长认为1304这个得抓紧拉开10秒了，再不拉就摆了。,,展工区长认为1304这个得抓紧拉开10秒了，再不拉就摆了。,槽控机多次走欠量，且有向下的电压振动。但模型认为过欠比正常。,过欠比,加
1315,2025/10/3 15:00,NB--客户认为并不是电压走上限就要缩nb，要结合浓度曲线和针振，,,,,,
1332,2025/10/3 17:00,NB--客户S认为1332的NB没有必要调整，从下面的下料频率看，操控机已经多下了很多料了，再缩nb只会造成浓度大,,客户S认为1332的NB没有必要调整，从下面的下料频率看，操控机已经多下了很多料了，再缩nb只会造成浓度大,模型从13点到16点认为过欠比正常。17点应该不是过量。,过欠比,不动
1314,2025/10/5 9:00,NB--三厂二区P认为1314槽在9：00时应该拉NB，但是模型没有推荐拉NB。,,三厂二区P认为1314槽在9：00时应该拉NB，但是模型没有推荐拉NB。,,过欠比,加
1328,2025/10/9 17:00,NB--客户耿国庆认为1328该缩NB了，缺料导致频繁效应,,客户耿国庆认为1328该缩NB了，缺料导致频繁效应,模型从电压角度来分析，没能判断出浓度变低。上午9点模型认为电压走下限，拉NB。15点的时候浓度低导致效应。volt_residue_mean_6P在15点的时候为过低，所以模型没有缩NB。,浓度,减
1331,2025/10/10 9:00,NB--客户Z认为浓度偏大很长时间了，nb未推送调整。,,客户Z认为浓度偏大很长时间了，nb未推送调整。,模型推荐拉NB是对的，但是推荐值高于上限。换极后浓度变大，槽控机采取走欠量下料、人工也选择停料。这说明确实浓度大。,上下限,加
1313,2025/10/10 8:00,NB--客户P认为浓度本身不大，换极后不应该缩NB。,,客户P认为浓度本身不大，换极后不应该缩NB。,模型因为Na含量高所以推荐缩NB。换极后电压升高，槽控机相应的降低极距，电压明显得到控制。缩NB后槽控机走大欠量，说明此时浓度应该还是高，否则槽控机不会走大欠量。,"Na含量,换极",不动
1306,2025/10/10 9:00,NB--客户P认为浓度本身不大，换极后不应该缩NB。,,客户P认为浓度本身不大，换极后不应该缩NB。,,"换极,压差过高",不动
1312,2025/10/10 9:00,NB--客户P认为浓度本身不大，换极后不应该缩NB。,,客户P认为浓度本身不大，换极后不应该缩NB。,模型认为9点之前的6个下料周期压差偏高，所以缩NB。但是这6个周期里面电压呈下降趋势，这时候NB是否可以不缩？,"换极,压差过高",不动
1309,2025/10/10 9:00,NB--客户梁怀坤认为槽1309在9点的时候浓度大，不应该缩NB。,,客户梁怀坤认为槽1309在9点的时候浓度大，不应该缩NB。,因为换极导致效应，导至电压偏高。模型认为电压偏高所以缩NB。从电流分布来看，换极后局部浓度变大。,"换极,效应",加
1313,2025/10/10 12:00,NB--P认为换极后不应该缩NB,,P认为换极后不应该缩NB,缩NB后槽控机走大欠量。然后模型识别到走欠量，开始拉NB。是否可以不缩NB？,换极,不动
1311,2025/10/10 16:00,NB--为什么缩NB？,,为什么缩NB？,电压超高导致模型误认为浓度低，所以模型缩了5个NB。,电压超上限,
1326,2025/10/10 17:00,NB--客户认为这个槽连续缩NB一下午了，导致浓度高。,,客户认为这个槽连续缩NB一下午了，导致浓度高。,效应之后的缩NB，会不会导致了走反？,"效应,走反",加
1305,2025/10/10 17:00,NB--1305的浓度已经过来了，从最近的一个浓度曲线波段看，浓度开始走大的迹象，这时候缩NB是反向操作，浓度会越走越大,,1305的浓度已经过来了，从最近的一个浓度曲线波段看，浓度开始走大的迹象，这时候缩NB是反向操作，浓度会越走越大,目前模型对于最近1，2个周期的判断不够，因为一直用的是3个周期，正在考虑如何加大最近的权重。,,
1333,2025/10/11 5:00,NB--槽子波动，不要缩NB，这样浓度越来越大。越摆越大。,,槽子波动，不要缩NB，这样浓度越来越大。越摆越大。,应该是电压偏高对浓度判断失误了。,效应,不动
1335,2025/10/11 1:00,NB--1335欠过比0.39，电压翘头缺料，夜班一直未调整。模型应该缩NB。,,,,,
1329,2025/10/11 5:00,NB--1329换极出铝后缩NB不应该,,1329换极出铝后缩NB不应该,换极后压差高，模型缩NB。,"换极,压差过高",不动
1310,2025/10/11 1:00,NB--1310的调整反了，出铝后已经开始走反了。浓度过高了。,,1310的调整反了，出铝后已经开始走反了。浓度过高了。,换极后压差高，模型缩NB。,"换极,压差过高",加
1311,2025/10/11 9:00,NB--1311的这9点的时候就不应该是缩小NB.,,1311的这9点的时候就不应该是缩小NB.,是数据延迟没拿到最后那个周期的大欠量。这个实时性的问题。,实时性,加
1318,2025/10/11 6:00,"NB--1318缺料,模型没有及时缩NB",,"1318缺料,模型没有及时缩NB",模型处于静默期没推。,静默期,减
1335,2025/10/29 13:00,NB--换完极缩NB，导致大浓度,,换完极缩NB，导致大浓度,换极后电压偏高，模型认为volt_residue_mean_6P过高，然后缩NB。缩NB之后槽控机走大欠量，然后模型会拉NB。是否可以不拉NB？,"换极,压差过高",不动
1327,2025/10/30 16:30,NB--浓度太高，模型没有提示要拉NB，人工调整后又被模型自动减少。,,浓度太高，模型没有提示要拉NB，人工调整后又被模型自动减少。,,,
1315,2025/10/30 17:30,NB--压差高缩nb后浓度过大。,,压差高缩nb后浓度过大。,,,
1320,2025/10/31 16:00,NB--浓度已经很高，但模型没有缩NB，与槽控机运行原理不符。,,浓度已经很高，但模型没有缩NB，与槽控机运行原理不符。,,,
1301,2025/11/1 10:00,NB--不满足降电压条件，但模型推荐降低电压。,,不满足降电压条件，但模型推荐降低电压。,,,
1327,2025/11/1 11:00,NB--槽连续拉浓度后连续缩NB，近几天频繁来回调整，导致浓度曲线不稳定,,槽连续拉浓度后连续缩NB，近几天频繁来回调整，导致浓度曲线不稳定,,,
1317,2025/11/1 11:00,NB--槽连续拉浓度后连续缩NB，近几天频繁来回调整，导致浓度曲线不稳定,,槽连续拉浓度后连续缩NB，近几天频繁来回调整，导致浓度曲线不稳定,,,
1318,2025/11/1 11:00,NB--槽连续拉浓度后连续缩NB，近几天频繁来回调整，导致浓度曲线不稳定,,槽连续拉浓度后连续缩NB，近几天频繁来回调整，导致浓度曲线不稳定,,,
1319,2025/11/1 11:00,NB--槽连续拉浓度后连续缩NB，近几天频繁来回调整，导致浓度曲线不稳定,,槽连续拉浓度后连续缩NB，近几天频繁来回调整，导致浓度曲线不稳定,,,
1315,2025/11/1 11:30,NB--一天调整5次，缩完拉，拉完缩,,一天调整5次，缩完拉，拉完缩,,,
1314,2025/11/2 20:30,NB--一天调整5次，缩完拉，拉完缩,,一天调整5次，缩完拉，拉完缩,,,
1316,2025/11/5 16:00,NB--3834重复推荐氟盐下料调整,,3834重复推荐氟盐下料调整,,,
1320,2025/11/5 19:30,NB--没有拉NB,,没有拉NB,,,
1322,2025/11/7 14:30,NB--不应该调整NB,,不应该调整NB,,,
1323,2025/11/7 14:30,NB--不应该调整NB,,不应该调整NB,,,
1324,2025/11/7 14:30,NB--不应该调整NB,,不应该调整NB,,,
1325,2025/11/7 14:30,NB--不应该调整NB,,不应该调整NB,,,
1326,2025/11/13 14:00,NB--浓度不低，但模型依据压差推送NB调整,,浓度不低，但模型依据压差推送NB调整,,,
1327,2025/11/13 20:00,NB--应当缩NB，模型没有推送缩NB,,应当缩NB，模型没有推送缩NB,,,
1328,2025/11/14 7:00,NB--不应该调整NB,,不应该调整NB,有点浓度低，可能还有点堵料造成了效应，但效应后浓度就变大了,"效应,浓度",
1330,2025/11/14 7:00,NB--不应该调整NB,,不应该调整NB,有点浓度低，可能还有点堵料造成了效应，但效应后浓度就变大了,"效应,浓度",
1315,2025/11/14 14:30,NB--不应该调整NB,,不应该调整NB,,,
1326,2025/11/14 14:30,NB--不应该调整NB,,不应该调整NB,,,
1331,2025/11/14 14:30,NB--有点浓度低，可能还有点堵料造成了效应是吗，但效应后浓度就变大了,,有点浓度低，可能还有点堵料造成了效应是吗，但效应后浓度就变大了,,,
1332,2025/11/15 8:00,NB--不应当缩NB，会导致浓度增大,,不应当缩NB，会导致浓度增大,,,
1333,2025/11/15 8:00,NB--不应当缩NB，会导致浓度增大,,不应当缩NB，会导致浓度增大,,,
1334,2025/11/15 10:30,NB--1334换完极还是缩，导致浓度走大,,1334换完极还是缩，导致浓度走大,,,
1327,2025/11/16 6:00,NB--曲线走反，又缩了。一会浓度又大了,,曲线走反，又缩了。一会浓度又大了,,,
1306,2025/11/16 15:30,NB--火眼停料电压短时间上升，过量多点再缩的话就会大浓度了,,火眼停料电压短时间上升，过量多点再缩的话就会大浓度了,,,
1312,2025/11/16 15:30,NB--换了极后还是会出现缩的现象,,换了极后还是会出现缩的现象,,,
1320,2025/11/16 15:30,NB--人工介入调整拉开的，现场浓度太大，火眼已经不通畅了，现场连续停料,,人工介入调整拉开的，现场浓度太大，火眼已经不通畅了，现场连续停料,,,
1314,2025/11/18 11:00,NB--浓度已经下降，但是NB又被拉上去了，可能导致效应,,浓度已经下降，但是NB又被拉上去了，可能导致效应,,,
1317,2025/11/21 10:00,NB--滑电压槽不要缩NB,1335,滑电压槽不要缩NB,应该是模型只判断了压差过大而没有考虑过热度小和浓度偏低的问题，所以只根据压差去缩NB,,
1311,2025/5/23 17:30,NB--tyh：应该拉NB,,tyh：应该拉NB,,,
1312,2025/8/9 0:00,NB--tyh：过欠正常，压差过高，基准下料间隔正常,,tyh：过欠正常，压差过高，基准下料间隔正常,,,
1316,2025/8/9 0:00,NB--tyh：过欠正常，压差过高，基准下料间隔正常,,tyh：过欠正常，压差过高，基准下料间隔正常,,,
1322,2025/8/9 10:00,NB--tyh：模型缩5过欠正常，压差过高,,tyh：模型缩5过欠正常，压差过高,,,
1327,2025/8/9 10:00,NB--tyh：过欠正常、压差偏高的原因 是 火眼堵料，还缩NB 浓度会偏大。,,tyh：过欠正常、压差偏高的原因 是 火眼堵料，还缩NB 浓度会偏大。,,,
1318,2025/8/9 10:00,NB--tyh：型缩5?过欠正常，压差偏高。,,tyh：型缩5?过欠正常，压差偏高。,,,
1325,2025/8/8 22:00,NB--tyh：模型缩5??走过量，压差偏低，认为合理，缩完浓度也很平稳。 (认为合理),,tyh：模型缩5??走过量，压差偏低，认为合理，缩完浓度也很平稳。 (认为合理),,,
1326,2025/8/8 18:00,NB--tyh：模型缩5?过欠正常，压差过高。 ,,tyh：模型缩5?过欠正常，压差过高。 ,,,
1328,2025/8/9 2:00,NB--tyh：模型缩5?过欠正常，压差过高。 ,,tyh：模型缩5?过欠正常，压差过高。 ,,,
1322,2025/8/9 22:00,NB--tyh：模型缩5?走过量，压差偏低。问题是换级事件没有生效。 （换极bug已处理）,,tyh：模型缩5?走过量，压差偏低。问题是换级事件没有生效。 （换极bug已处理）,,,
1330,2025/8/9 2:00,NB--tyh：模型缩5?走过量，压差正常。认为模型推荐合理，缩后浓度认为也平稳。 (认为合理),,tyh：模型缩5?走过量，压差正常。认为模型推荐合理，缩后浓度认为也平稳。 (认为合理),,,
1318,2025/7/22 10:00,NB--tyh：工区长认为浓度偏大，不缩。,,tyh：工区长认为浓度偏大，不缩。,浓度走反、浓度大、走欠量 应该 拉NB  （电压走上线可以是浓度偏低，也可以是浓度特别大 ）,,
1335,2025/6/28 0:00,NB--tyh：电压走下线，过欠比合适，无需缩NB。,,tyh：电压走下线，过欠比合适，无需缩NB。,,,
1317,2025/6/28 0:00,NB--tyh：过欠比合适，不用拉NB,,tyh：过欠比合适，不用拉NB,,,
1310,2025/6/16 0:00,"NB--tyh：不宜调整NB,理由是因为浓度大，所以槽波动，应该升NB，释放极距。",,"tyh：不宜调整NB,理由是因为浓度大，所以槽波动，应该升NB，释放极距。",,,
1326,2025/6/15 0:00,NB--tyh：降电压缩Nb后浓度变大,,,,,
1327,2026/2/2 4:00,NB--浓度偏大的情况现在怎么不调整NB了,1305,浓度偏大的情况现在怎么不调整NB了,,,
1302,2026/2/2 7:00,NB--浓度偏大未调整,1332,浓度偏大未调整,,,
1316,2026/2/2 7:00,NB--浓度偏大应该拉NB,1315,浓度偏大应该拉NB,,,
